genewiz	ligationwell	genecat	grna	seq
1	1A	Essential	PBANKA_1459900gRNA1	TTTCGTCTTACCACGGGTAT
2	1A	Essential	PBANKA_1459900gRNA2	TGAAAGGGCTCCAATACCCG
3	1A	Essential	PBANKA_0804000gRNA1	GGTAAAGCTGGAAAAGGTAC
4	1A	Essential	PBANKA_0804000gRNA2	AGAAGAAATACAATTGGTAC
5	1A	Essential	PBANKA_0809200gRNA1	CAACGTAGTTAAACATAGCC
6	1A	Essential	PBANKA_0809200gRNA2	CAAATAAATCGATTGCAAAA
7	1A	Essential	PBANKA_0703200gRNA1	AAAATTGAGTAAAAGGCCTG
8	1A	Essential	PBANKA_0703200gRNA2	ATAGGATCAAAATCATCCAG
9	1A	Essential	PBANKA_0505400gRNA1	TAGATTGAATGGATCAGAAG
10	1A	Essential	PBANKA_0505400gRNA2	GTTGGTACATCTGTATTGTC
11	1A	Essential	PBANKA_0812300gRNA1	CATTTGGCTTCCCAGATCTA
12	1A	Essential	PBANKA_0812300gRNA2	TAAGTCTTAATTGCTCATCA
13	1B	Essential	PBANKA_1009800gRNA1	GGATGGTGGATGGTTAAAAG
14	1B	Essential	PBANKA_1009800gRNA2	AATTGGTGCACTAATGCCAG
15	1B	Essential	PBANKA_1136500gRNA1	AAAATATGATAAAATACTGG
16	1B	Essential	PBANKA_1136500gRNA2	GTACCCATTGTAGATTTGAA
17	1B	Essential	PBANKA_0914900gRNA1	TTTACGGTGAAGCGATAATT
18	1B	Essential	PBANKA_0914900gRNA2	ATGAACGCGTCATAATAGTT
19	1B	Essential	PBANKA_0817800gRNA1	CGAAAGCGAAGAATCCCCAA
20	1B	Essential	PBANKA_0817800gRNA2	AAACAATTCCTGATAAAATG
21	1B	Essential	PBANKA_1233900gRNA1	GTTAGGTGTGCAGATAACAG
22	1B	Essential	PBANKA_1233900gRNA2	ATGCTTTATGTGGCCTTTGG
23	1B	Slow growers	PBANKA_0514900gRNA1	TTTCTAAGCCAAAATTTCCC
24	1B	Slow growers	PBANKA_0514900gRNA2	AAACCCCAAGCACCAGGTAC
25	1C	Slow growers	PBANKA_1362100gRNA1	TTTATAGGGGTAAAGGTATG
26	1C	Slow growers	PBANKA_1362100gRNA2	TAATGGATCTGCATTGTCAA
27	1C	Slow growers	PBANKA_1108400gRNA1	CCTATAGACAAAGATGAAGG
28	1C	Slow growers	PBANKA_1108400gRNA2	CCTCCTTCATCTTTGTCTAT
29	1C	Slow growers	PBANKA_1322400gRNA1	GTTCGAAATTATGTACTTAG
30	1C	Slow growers	PBANKA_1322400gRNA2	AAAGTGCCAAATTCGAAAAA
31	1C	Slow growers	PBANKA_1426400gRNA1	ACAGTTCCTTAACAAATGCG
32	1C	Slow growers	PBANKA_1426400gRNA2	GAATTACCACGCATTTGTTA
33	1C	Dispensable	PBANKA_0314200gRNA1	TCAGTGAAGAGAGGCTAAGG
34	1C	Dispensable	PBANKA_0314200gRNA2	ATGGAATGATGTCTTAGGGG
35	1C	Dispensable	PBANKA_0616700gRNA1	TCCCTTTGTTGAATGAAATG
36	1C	Dispensable	PBANKA_0616700gRNA2	ATTGTAATGAAGCATTGTAA
37	1D	Dispensable	PBANKA_0408200gRNA1	ACACCCCGTTAAAACTTGAG
38	1D	Dispensable	PBANKA_0408200gRNA2	GAAGTTGACAAGAACAATGA
39	1D	Dispensable	PBANKA_1305200gRNA1	TCTATGAGACTTCTCACTTG
40	1D	Dispensable	PBANKA_1305200gRNA2	GTATGAGTTGAATTTGATGG
41	1D	Dispensable	PBANKA_1414500gRNA1	AGGGCACCGGAATTGCTTTG
42	1D	Dispensable	PBANKA_1414500gRNA2	AAAGGAGAAACAAAGTTTCT
43	1D	Dispensable	PBANKA_0926600gRNA1	ATATGTGGTGTTAATGGTAG
44	1D	Dispensable	PBANKA_0926600gRNA2	GCATTGAGTTTGTATAAAGG
45	1D	Dispensable	PBANKA_1352600gRNA1	TATGTAAGCATTTCCAATTG
46	1D	Dispensable	PBANKA_1352600gRNA2	TCCGGAAGTCCAACGCCTGA
47	1D	Dispensable	PBANKA_1421600gRNA1	GATCGAACCCTTGATAATAA
48	1D	Dispensable	PBANKA_1421600gRNA2	AATCTAACTTGAAATAATTC
49	1E	Dispensable	PBANKA_0308500gRNA1	ACTTGAGCTATGATGTCTAG
50	1E	Dispensable	PBANKA_0308500gRNA2	TATTCGAGTGCTATTGCTTG
51	1E	Dispensable	PBANKA_0604400gRNA1	TGGCTTGCCTATATGCGCAT
52	1E	Dispensable	PBANKA_0604400gRNA2	TACATTGCCTATGCGCATAT
53	1E		PBANKA_0103700gRNA1	GGCAGGAATAATTCCATCAG
54	1E		PBANKA_0103700gRNA2	AAAAGAAGAAAAGATGACAA
55	1E		PBANKA_0111400gRNA1	TTTGTTGTCGCGTTTCTTTC
56	1E		PBANKA_0111400gRNA2	GCTATTTGACGTCCCGATCT
57	1E		PBANKA_0111500gRNA1	GCTCATTGTTGATAAGACTA
58	1E		PBANKA_0111500gRNA2	GTTCCTGTACTTGTTTAAAA
59	1E		PBANKA_0210800gRNA1	TAATAAAACGCCATGTATTT
60	1E		PBANKA_0210800gRNA2	TCATATAACTCCTAAATACA
61	1F		PBANKA_0315700gRNA1	ATATACTCGAAGGATATTCT
62	1F		PBANKA_0315700gRNA2	GGATATTCTTGGCGATTTAA
63	1F		PBANKA_0408800gRNA1	CTGGGTAGTTGCACATATTT
64	1F		PBANKA_0408800gRNA2	ATTTGATGAGTAATAGGTGC
65	1F		PBANKA_0409000gRNA1	CAAACTGCCAGATCAACTTC
66	1F		PBANKA_0409000gRNA2	TAATGCGATCCAAAATTCCA
67	1F		PBANKA_0502900gRNA1	ATTGTCTAGAAATATGTGTG
68	1F		PBANKA_0502900gRNA2	CATGTTCTCAAAACTAATGA
69	1F		PBANKA_0509600gRNA1	TATGGAAATATGCTTATTTC
70	1F		PBANKA_0509600gRNA2	GTTTGCATCTGAATCGAGGC
71	1F		PBANKA_0519100gRNA1	TCAGTTTCGGGACTTACACC
72	1F		PBANKA_0519100gRNA2	GGTGGTGCTGGTGCTGTTCC
73	1G		PBANKA_0519200gRNA1	ATTCTAGGCAAGATGCATCA
74	1G		PBANKA_0519200gRNA2	AATCTAGACAAGATTCATCA
75	1G		PBANKA_0519400gRNA1	TCAGTTGAAAACCCTTCAGG
76	1G		PBANKA_0519400gRNA2	TCTGATCCAGGGACGCCTAA
77	1G		PBANKA_0523700gRNA1	TATCATCCACAGACGAAATA
78	1G		PBANKA_0523700gRNA2	GAAAGATATTCTAGAGAATG
79	1G		PBANKA_0524100gRNA1	TGATCGGGCCCTATTACTTC
80	1G		PBANKA_0524100gRNA2	TCGTTATATCACAACTCAAG
81	1G		PBANKA_0603650gRNA1	AATGGTGTAAATATTAACCG
82	1G		PBANKA_0603650gRNA2	AGAGGAGCTAACACGCCGAA
83	1G		PBANKA_0619000gRNA1	GTTTGTTTCGATCCTTCAGG
84	1G		PBANKA_0619000gRNA2	AATCTAGAAAATGAGAATTC
85	1H		PBANKA_0705800gRNA1	GTTGAGGAGCAGCTTGGTAT
86	1H		PBANKA_0705800gRNA2	TTTAGGGGTAGATATAGAAG
87	1H		PBANKA_0709800gRNA1	AAAGTGCGAGTATTAATTAT
88	1H		PBANKA_0709800gRNA2	GGACAGAAAGTTGAGTAAAG
89	1H		PBANKA_0715300gRNA1	ATTGGATCGATAATTTCTCC
90	1H		PBANKA_0715300gRNA2	TCCGGGATTGGCATTACATT
91	1H		PBANKA_0812900gRNA1	ACAGGCATACCACTTATAGT
92	1H		PBANKA_0812900gRNA2	CCATATGAGCCAACTATAAG
93	1H		PBANKA_0817400gRNA1	TTCCGCGAAAAGTATTATAA
94	1H		PBANKA_0817400gRNA2	AATATTTAAATAATGACTAG
95	1H		PBANKA_0821200gRNA1	CCTATTTCATGCTCCATCTA
96	1H		PBANKA_0821200gRNA2	CCATAGATGGAGCATGAAAT
97	2A		PBANKA_0915400gRNA1	ATTATGTTATTAATACTTAA
98	2A		PBANKA_0915400gRNA2	TAACATAATTAAAGCAAATA
99	2A		PBANKA_0930600gRNA1	GGTGCGGGAATAGTTATTGG
100	2A		PBANKA_0930600gRNA2	TCTCGAAGGTTAGTTGCTGT
101	2A		PBANKA_1015100gRNA1	TATTTGCTTGGATATTATCG
102	2A		PBANKA_1015100gRNA2	TATGAATTTCGAAAGTTTGG
103	2A		PBANKA_1016900gRNA1	CAAAACCAAGTACACATTTG
104	2A		PBANKA_1016900gRNA2	TTGGCTAAAAGCTTGTGAAA
105	2A		PBANKA_1017200gRNA1	AATGTGCTACAATATTTAGC
106	2A		PBANKA_1017200gRNA2	TATGTAGCATCGATATCGTA
107	2A		PBANKA_1035000gRNA1	TTGGTGTTTAAGGATTTCGT
108	2A		PBANKA_1035000gRNA2	CGAATGCAACTTGGTGTTTA
109	2B		PBANKA_1037300gRNA1	AATATATGTTCGTTAATTCC
110	2B		PBANKA_1037300gRNA2	CTCTCAAGAAGCTATTCATA
111	2B		PBANKA_1120000gRNA1	CAAACACGGAGAAATAGATG
112	2B		PBANKA_1120000gRNA2	GCAAACTGTTAAAACCGAAG
113	2B		PBANKA_1134700gRNA1	CTGCCCATGGATTAGCTCAA
114	2B		PBANKA_1134700gRNA2	TATCACTGCTACAACACATG
115	2B		PBANKA_1135300gRNA1	TTTCGACGATAGTATCTTCT
116	2B		PBANKA_1135300gRNA2	TCTTGGTCGCTACCTGAGTC
117	2B		PBANKA_1201300gRNA1	AAAATCGAGGGTGTTAAAAG
118	2B		PBANKA_1201300gRNA2	GGGTGTTAAAAGTGGCGATC
119	2B		PBANKA_1206000gRNA1	TATATAGAAGGATTGACTGG
120	2B		PBANKA_1206000gRNA2	TCGGGCCAATATTATATTAG
121	2C		PBANKA_1211700gRNA1	TAATTAGTCTTCGTATCTTG
122	2C		PBANKA_1211700gRNA2	AATGGAACATACGAAACGAA
123	2C		PBANKA_1237100gRNA1	ATAGTGGCAGCTAATCCTAG
124	2C		PBANKA_1237100gRNA2	TGTTTGTAGTGGTTTATTCG
125	2C		PBANKA_1321900gRNA1	AAATGATACTATACCTACAG
126	2C		PBANKA_1321900gRNA2	GAGCAGGACATAAAACCCAA
127	2C		PBANKA_1327080gRNA1	CAATGCATGCTAAATGTGTT
128	2C		PBANKA_1327080gRNA2	TATGAAATTAAATGAAATTG
129	2C		PBANKA_1329900gRNA1	ATGAAATGGTGCCTTCACAA
130	2C		PBANKA_1329900gRNA2	TATTGAAGGAACAATAATTC
131	2C		PBANKA_1345100gRNA1	GAAAGCCAAAGAAATGATGA
132	2C		PBANKA_1345100gRNA2	TTTGTAACCTATAAAAGGTG
133	2D		PBANKA_1354800gRNA1	ATCTTATTAAACATCACACG
134	2D		PBANKA_1354800gRNA2	AACAGAATTAGGCTATAATA
135	2D		PBANKA_1360200gRNA1	AGTGAAGAAGCAAAGTATAC
136	2D		PBANKA_1360200gRNA2	GACGATGTGCTAAGTAGCAA
137	2D		PBANKA_1408700gRNA1	CCTTTCGCTTGGTATGCATC
138	2D		PBANKA_1408700gRNA2	AGTTTAGTATGCCTTTCGCT
139	2D		PBANKA_1436400gRNA1	TAAACCCTCAAGGTCACCTG
140	2D		PBANKA_1436400gRNA2	ACAATACAAGTAAACCCTCA
141	2D		PBANKA_1437100gRNA1	CATCTGATTCATATGGGTTC
142	2D		PBANKA_1437100gRNA2	TGCAGGTGTATCAACATATG
143	2D		PBANKA_1437900gRNA1	CCAAAATCGTCAAACTCCGT
144	2D		PBANKA_1437900gRNA2	ATCGACACAACCAATGTTCA
145	2E		PBANKA_1452500gRNA1	GCTACTTCTGATTCTTCTGC
146	2E		PBANKA_1452500gRNA2	AGAAGTAGAAGCTGAAGTAC
147	2E		PBANKA_1464000gRNA1	CTTGGAATAATTTGTGCTTG
148	2E		PBANKA_1464000gRNA2	ACTAGTCATAATAATTTCAA
149	2E		PBANKA_1234100gRNA1	TTTGGATATTTCATGCTAGG
150	2E		PBANKA_1234100gRNA2	GCTGCACATCCCATTAGCAT
151	2E		PBANKA_0605000gRNA1	TGTTTGATTCGCTCTTTATC
152	2E		PBANKA_0605000gRNA2	TATATTCGGAAAAACTTCCA
153	2E		PBANKA_0514600gRNA1	GAAGGAAGCGCTAATAAGTT
154	2E		PBANKA_0514600gRNA2	GGTGCTATGATTGCTTATAC
155	2E		PBANKA_1140700gRNA1	CAGTGCATTCTGCTGATTGG
156	2E		PBANKA_1140700gRNA2	TATATATAAAGGCTCATTCG
157	2F		PBANKA_0306400gRNA1	GGTGCAGGTTCATATGATTT
158	2F		PBANKA_0306400gRNA2	AATGGAATGCGAATAGGGCA
159	2F		PBANKA_1111400gRNA1	AGATGCTGATTATTGTAAAG
160	2F		PBANKA_1111400gRNA2	TAACTGATATTATAGTATTA
161	2F		PBANKA_0828100gRNA1	GCTGGGCCTGCATAATATAT
162	2F		PBANKA_0828100gRNA2	GGAATAGGTGCACAATTTGG
163	2F		PBANKA_1344400gRNA1	CATCAGAATCGGGATCCCAA
164	2F		PBANKA_1344400gRNA2	AAACATCAAAGGATCATCAG
165	2F		PBANKA_0719300gRNA1	TAAGGGAATTGGAAATGCGG
166	2F		PBANKA_0719300gRNA2	TATGGGAAGCTAATGGAACA
167	2F		PBANKA_1127700gRNA1	ATTGGTATACGAATCGATTC
168	2F		PBANKA_1127700gRNA2	GACCTAATGATGGCTGTGAT
169	2G		PBANKA_1435100gRNA1	GGAGGGCCAAATGACAAATT
170	2G		PBANKA_1435100gRNA2	GACAGTAGAACCTGGATTTG
171	2G		PBANKA_1416700gRNA1	ACAGTGAACGGGCGTGACAG
172	2G		PBANKA_1416700gRNA2	ATATGGGTAGCACCAAGTGG
173	2G		PBANKA_0304000gRNA1	TTGCTGAACTGATACTAAGG
174	2G		PBANKA_0304000gRNA2	TTACGGGAAATATAGACAAA
175	2G		PBANKA_0306200gRNA1	ATTCTATCTCTTGACAGTGG
176	2G		PBANKA_0306200gRNA2	GTACGTACTCATATGGCTCT
177	2G		PBANKA_1360100gRNA1	CTAGTTGGTAACAACACTCT
178	2G		PBANKA_1360100gRNA2	AATCATCGCAAAAATCGGCA
179	2G		PBANKA_0824700gRNA1	TGAGTGACTTCACCTGCATT
180	2G		PBANKA_0824700gRNA2	CAAGGTGTAACATTTATGTG
181	2H		PBANKA_1127600gRNA1	TATGAATTCAGTTAGTAAGG
182	2H		PBANKA_1127600gRNA2	CTATCACAATCGTTTATTTC
183	2H		PBANKA_1027000gRNA1	CATGGACCACGAATGTTAGG
184	2H		PBANKA_1027000gRNA2	AATTGGTATACAAACATCCG
185	2H		PBANKA_1028900gRNA1	TTAGGGGATGTTACATATGG
186	2H		PBANKA_1028900gRNA2	AATTGGCTTTAATTCTGTTG
187	2H		PBANKA_1207300gRNA1	TATCATTGGACTAGGGTTAG
188	2H		PBANKA_1207300gRNA2	ACTAGGGTTAGGGGATGAAA
189	2H		PBANKA_0506700gRNA1	TGTGTATATCGACTGATTTG
190	2H		PBANKA_0506700gRNA2	ACACCTAATAATGTGATTGG
191	2H		PBANKA_1112400gRNA1	ATAGATGATGTATTTACTTG
192	2H		PBANKA_1112400gRNA2	TTATTTGGAGCATCGTATAA
